Header 1;Header 2;Header 3
Cell row 1 header 1;Cell row 1 header 2;Cell row 1 header 3
Cell row 2 header 1;Cell row 2 header 2;Cell row 2 header 3
Cell row 3 header 1;Cell row 3 header 2;Cell row 3 header 3
Cell row 4 header 1;Cell row 4 header 2;Cell row 4 header 3
Cell row 5 header 1;Cell row 5 header 2;Cell row 5 header 3
Cell row 6 header 1;Cell row 6 header 2;Cell row 6 header 3
Cell row 7 header 1;Cell row 7 header 2;Cell row 7 header 3
Cell row 8 header 1;Cell row 8 header 2;Cell row 8 header 3
Cell row 9 header 1;Cell row 9 header 2;Cell row 9 header 3
Cell row 10 header 1;Cell row 10 header 2;Cell row 10 header 3
Cell row 11 header 1;Cell row 11 header 2;Cell row 11 header 3
Cell row 12 header 1;Cell row 12 header 2;Cell row 12 header 3
Cell row 13 header 1;Cell row 13 header 2;Cell row 13 header 3
Cell row 14 header 1;Cell row 14 header 2;Cell row 14 header 3
Cell row 15 header 1;Cell row 15 header 2;Cell row 15 header 3
Cell row 16 header 1;Cell row 16 header 2;Cell row 16 header 3
Cell row 17 header 1;Cell row 17 header 2;Cell row 17 header 3
Cell row 18 header 1;Cell row 18 header 2;Cell row 18 header 3
Cell row 19 header 1;Cell row 19 header 2;Cell row 19 header 3
Cell row 20 header 1;Cell row 20 header 2;Cell row 20 header 3
Cell row 21 header 1;Cell row 21 header 2;Cell row 21 header 3
Cell row 22 header 1;Cell row 22 header 2;Cell row 22 header 3
Cell row 23 header 1;Cell row 23 header 2;Cell row 23 header 3
Cell row 24 header 1;Cell row 24 header 2;Cell row 24 header 3
Cell row 25 header 1;Cell row 25 header 2;Cell row 25 header 3
Cell row 26 header 1;Cell row 26 header 2;Cell row 26 header 3
Cell row 27 header 1;Cell row 27 header 2;Cell row 27 header 3
Cell row 28 header 1;Cell row 28 header 2;Cell row 28 header 3
Cell row 29 header 1;Cell row 29 header 2;Cell row 29 header 3
Cell row 30 header 1;Cell row 30 header 2;Cell row 30 header 3
Cell row 31 header 1;Cell row 31 header 2;Cell row 31 header 3
Cell row 32 header 1;Cell row 32 header 2;Cell row 32 header 3
Cell row 33 header 1;Cell row 33 header 2;Cell row 33 header 3
Cell row 34 header 1;Cell row 34 header 2;Cell row 34 header 3
Cell row 35 header 1;Cell row 35 header 2;Cell row 35 header 3
Cell row 36 header 1;Cell row 36 header 2;Cell row 36 header 3
Cell row 37 header 1;Cell row 37 header 2;Cell row 37 header 3
Cell row 38 header 1;Cell row 38 header 2;Cell row 38 header 3
Cell row 39 header 1;Cell row 39 header 2;Cell row 39 header 3
Cell row 40 header 1;Cell row 40 header 2;Cell row 40 header 3
Cell row 41 header 1;Cell row 41 header 2;Cell row 41 header 3
Cell row 42 header 1;Cell row 42 header 2;Cell row 42 header 3
Cell row 43 header 1;Cell row 43 header 2;Cell row 43 header 3
Cell row 44 header 1;Cell row 44 header 2;Cell row 44 header 3
Cell row 45 header 1;Cell row 45 header 2;Cell row 45 header 3
Cell row 46 header 1;Cell row 46 header 2;Cell row 46 header 3
Cell row 47 header 1;Cell row 47 header 2;Cell row 47 header 3
Cell row 48 header 1;Cell row 48 header 2;Cell row 48 header 3
Cell row 49 header 1;Cell row 49 header 2;Cell row 49 header 3
Cell row 50 header 1;Cell row 50 header 2;Cell row 50 header 3
Cell row 51 header 1;Cell row 51 header 2;Cell row 51 header 3
Cell row 52 header 1;Cell row 52 header 2;Cell row 52 header 3
Cell row 53 header 1;Cell row 53 header 2;Cell row 53 header 3
Cell row 54 header 1;Cell row 54 header 2;Cell row 54 header 3
Cell row 55 header 1;Cell row 55 header 2;Cell row 55 header 3
Cell row 56 header 1;Cell row 56 header 2;Cell row 56 header 3
Cell row 57 header 1;Cell row 57 header 2;Cell row 57 header 3
Cell row 58 header 1;Cell row 58 header 2;Cell row 58 header 3
Cell row 59 header 1;Cell row 59 header 2;Cell row 59 header 3
Cell row 60 header 1;Cell row 60 header 2;Cell row 60 header 3
Cell row 61 header 1;Cell row 61 header 2;Cell row 61 header 3
Cell row 62 header 1;Cell row 62 header 2;Cell row 62 header 3
Cell row 63 header 1;Cell row 63 header 2;Cell row 63 header 3
Cell row 64 header 1;Cell row 64 header 2;Cell row 64 header 3
Cell row 65 header 1;Cell row 65 header 2;Cell row 65 header 3
Cell row 66 header 1;Cell row 66 header 2;Cell row 66 header 3
Cell row 67 header 1;Cell row 67 header 2;Cell row 67 header 3
Cell row 68 header 1;Cell row 68 header 2;Cell row 68 header 3
Cell row 69 header 1;Cell row 69 header 2;Cell row 69 header 3
Cell row 70 header 1;Cell row 70 header 2;Cell row 70 header 3
Cell row 71 header 1;Cell row 71 header 2;Cell row 71 header 3
Cell row 72 header 1;Cell row 72 header 2;Cell row 72 header 3
Cell row 73 header 1;Cell row 73 header 2;Cell row 73 header 3
Cell row 74 header 1;Cell row 74 header 2;Cell row 74 header 3
Cell row 75 header 1;Cell row 75 header 2;Cell row 75 header 3
Cell row 76 header 1;Cell row 76 header 2;Cell row 76 header 3
Cell row 77 header 1;Cell row 77 header 2;Cell row 77 header 3
Cell row 78 header 1;Cell row 78 header 2;Cell row 78 header 3
Cell row 79 header 1;Cell row 79 header 2;Cell row 79 header 3
Cell row 80 header 1;Cell row 80 header 2;Cell row 80 header 3
Cell row 81 header 1;Cell row 81 header 2;Cell row 81 header 3
Cell row 82 header 1;Cell row 82 header 2;Cell row 82 header 3
Cell row 83 header 1;Cell row 83 header 2;Cell row 83 header 3
Cell row 84 header 1;Cell row 84 header 2;Cell row 84 header 3
Cell row 85 header 1;Cell row 85 header 2;Cell row 85 header 3
Cell row 86 header 1;Cell row 86 header 2;Cell row 86 header 3
Cell row 87 header 1;Cell row 87 header 2;Cell row 87 header 3
Cell row 88 header 1;Cell row 88 header 2;Cell row 88 header 3
Cell row 89 header 1;Cell row 89 header 2;Cell row 89 header 3
Cell row 90 header 1;Cell row 90 header 2;Cell row 90 header 3
Cell row 91 header 1;Cell row 91 header 2;Cell row 91 header 3
Cell row 92 header 1;Cell row 92 header 2;Cell row 92 header 3
Cell row 93 header 1;Cell row 93 header 2;Cell row 93 header 3
Cell row 94 header 1;Cell row 94 header 2;Cell row 94 header 3
Cell row 95 header 1;Cell row 95 header 2;Cell row 95 header 3
Cell row 96 header 1;Cell row 96 header 2;Cell row 96 header 3
Cell row 97 header 1;Cell row 97 header 2;Cell row 97 header 3
Cell row 98 header 1;Cell row 98 header 2;Cell row 98 header 3
Cell row 99 header 1;Cell row 99 header 2;Cell row 99 header 3
Cell row 100 header 1;Cell row 100 header 2;Cell row 100 header 3
Cell row 101 header 1;Cell row 101 header 2;Cell row 101 header 3
Cell row 102 header 1;Cell row 102 header 2;Cell row 102 header 3
Cell row 103 header 1;Cell row 103 header 2;Cell row 103 header 3
Cell row 104 header 1;Cell row 104 header 2;Cell row 104 header 3
Cell row 105 header 1;Cell row 105 header 2;Cell row 105 header 3
Cell row 106 header 1;Cell row 106 header 2;Cell row 106 header 3
Cell row 107 header 1;Cell row 107 header 2;Cell row 107 header 3
Cell row 108 header 1;Cell row 108 header 2;Cell row 108 header 3
Cell row 109 header 1;Cell row 109 header 2;Cell row 109 header 3
Cell row 110 header 1;Cell row 110 header 2;Cell row 110 header 3
Cell row 111 header 1;Cell row 111 header 2;Cell row 111 header 3
Cell row 112 header 1;Cell row 112 header 2;Cell row 112 header 3
Cell row 113 header 1;Cell row 113 header 2;Cell row 113 header 3
Cell row 114 header 1;Cell row 114 header 2;Cell row 114 header 3
Cell row 115 header 1;Cell row 115 header 2;Cell row 115 header 3
Cell row 116 header 1;Cell row 116 header 2;Cell row 116 header 3
Cell row 117 header 1;Cell row 117 header 2;Cell row 117 header 3
Cell row 118 header 1;Cell row 118 header 2;Cell row 118 header 3
Cell row 119 header 1;Cell row 119 header 2;Cell row 119 header 3
Cell row 120 header 1;Cell row 120 header 2;Cell row 120 header 3
Cell row 121 header 1;Cell row 121 header 2;Cell row 121 header 3
Cell row 122 header 1;Cell row 122 header 2;Cell row 122 header 3
Cell row 123 header 1;Cell row 123 header 2;Cell row 123 header 3
Cell row 124 header 1;Cell row 124 header 2;Cell row 124 header 3
Cell row 125 header 1;Cell row 125 header 2;Cell row 125 header 3
Cell row 126 header 1;Cell row 126 header 2;Cell row 126 header 3
Cell row 127 header 1;Cell row 127 header 2;Cell row 127 header 3
Cell row 128 header 1;Cell row 128 header 2;Cell row 128 header 3
Cell row 129 header 1;Cell row 129 header 2;Cell row 129 header 3
Cell row 130 header 1;Cell row 130 header 2;Cell row 130 header 3
Cell row 131 header 1;Cell row 131 header 2;Cell row 131 header 3
Cell row 132 header 1;Cell row 132 header 2;Cell row 132 header 3
Cell row 133 header 1;Cell row 133 header 2;Cell row 133 header 3
Cell row 134 header 1;Cell row 134 header 2;Cell row 134 header 3
Cell row 135 header 1;Cell row 135 header 2;Cell row 135 header 3
Cell row 136 header 1;Cell row 136 header 2;Cell row 136 header 3
Cell row 137 header 1;Cell row 137 header 2;Cell row 137 header 3
Cell row 138 header 1;Cell row 138 header 2;Cell row 138 header 3
Cell row 139 header 1;Cell row 139 header 2;Cell row 139 header 3
Cell row 140 header 1;Cell row 140 header 2;Cell row 140 header 3
Cell row 141 header 1;Cell row 141 header 2;Cell row 141 header 3
Cell row 142 header 1;Cell row 142 header 2;Cell row 142 header 3
Cell row 143 header 1;Cell row 143 header 2;Cell row 143 header 3
Cell row 144 header 1;Cell row 144 header 2;Cell row 144 header 3
Cell row 145 header 1;Cell row 145 header 2;Cell row 145 header 3
Cell row 146 header 1;Cell row 146 header 2;Cell row 146 header 3
Cell row 147 header 1;Cell row 147 header 2;Cell row 147 header 3
Cell row 148 header 1;Cell row 148 header 2;Cell row 148 header 3
Cell row 149 header 1;Cell row 149 header 2;Cell row 149 header 3
Cell row 150 header 1;Cell row 150 header 2;Cell row 150 header 3
Cell row 151 header 1;Cell row 151 header 2;Cell row 151 header 3
Cell row 152 header 1;Cell row 152 header 2;Cell row 152 header 3
Cell row 153 header 1;Cell row 153 header 2;Cell row 153 header 3
Cell row 154 header 1;Cell row 154 header 2;Cell row 154 header 3
Cell row 155 header 1;Cell row 155 header 2;Cell row 155 header 3
Cell row 156 header 1;Cell row 156 header 2;Cell row 156 header 3
Cell row 157 header 1;Cell row 157 header 2;Cell row 157 header 3
Cell row 158 header 1;Cell row 158 header 2;Cell row 158 header 3
Cell row 159 header 1;Cell row 159 header 2;Cell row 159 header 3
Cell row 160 header 1;Cell row 160 header 2;Cell row 160 header 3
Cell row 161 header 1;Cell row 161 header 2;Cell row 161 header 3
Cell row 162 header 1;Cell row 162 header 2;Cell row 162 header 3
Cell row 163 header 1;Cell row 163 header 2;Cell row 163 header 3
Cell row 164 header 1;Cell row 164 header 2;Cell row 164 header 3
Cell row 165 header 1;Cell row 165 header 2;Cell row 165 header 3
Cell row 166 header 1;Cell row 166 header 2;Cell row 166 header 3
Cell row 167 header 1;Cell row 167 header 2;Cell row 167 header 3
Cell row 168 header 1;Cell row 168 header 2;Cell row 168 header 3
Cell row 169 header 1;Cell row 169 header 2;Cell row 169 header 3
Cell row 170 header 1;Cell row 170 header 2;Cell row 170 header 3
Cell row 171 header 1;Cell row 171 header 2;Cell row 171 header 3
Cell row 172 header 1;Cell row 172 header 2;Cell row 172 header 3
Cell row 173 header 1;Cell row 173 header 2;Cell row 173 header 3
Cell row 174 header 1;Cell row 174 header 2;Cell row 174 header 3
Cell row 175 header 1;Cell row 175 header 2;Cell row 175 header 3
Cell row 176 header 1;Cell row 176 header 2;Cell row 176 header 3
Cell row 177 header 1;Cell row 177 header 2;Cell row 177 header 3
Cell row 178 header 1;Cell row 178 header 2;Cell row 178 header 3
Cell row 179 header 1;Cell row 179 header 2;Cell row 179 header 3
Cell row 180 header 1;Cell row 180 header 2;Cell row 180 header 3
Cell row 181 header 1;Cell row 181 header 2;Cell row 181 header 3
Cell row 182 header 1;Cell row 182 header 2;Cell row 182 header 3
Cell row 183 header 1;Cell row 183 header 2;Cell row 183 header 3
Cell row 184 header 1;Cell row 184 header 2;Cell row 184 header 3
Cell row 185 header 1;Cell row 185 header 2;Cell row 185 header 3
Cell row 186 header 1;Cell row 186 header 2;Cell row 186 header 3
Cell row 187 header 1;Cell row 187 header 2;Cell row 187 header 3
Cell row 188 header 1;Cell row 188 header 2;Cell row 188 header 3
Cell row 189 header 1;Cell row 189 header 2;Cell row 189 header 3
Cell row 190 header 1;Cell row 190 header 2;Cell row 190 header 3
Cell row 191 header 1;Cell row 191 header 2;Cell row 191 header 3
Cell row 192 header 1;Cell row 192 header 2;Cell row 192 header 3
Cell row 193 header 1;Cell row 193 header 2;Cell row 193 header 3
Cell row 194 header 1;Cell row 194 header 2;Cell row 194 header 3
Cell row 195 header 1;Cell row 195 header 2;Cell row 195 header 3
Cell row 196 header 1;Cell row 196 header 2;Cell row 196 header 3
Cell row 197 header 1;Cell row 197 header 2;Cell row 197 header 3
Cell row 198 header 1;Cell row 198 header 2;Cell row 198 header 3
Cell row 199 header 1;Cell row 199 header 2;Cell row 199 header 3
Cell row 200 header 1;Cell row 200 header 2;Cell row 200 header 3
Cell row 201 header 1;Cell row 201 header 2;Cell row 201 header 3
Cell row 202 header 1;Cell row 202 header 2;Cell row 202 header 3
Cell row 203 header 1;Cell row 203 header 2;Cell row 203 header 3
Cell row 204 header 1;Cell row 204 header 2;Cell row 204 header 3
Cell row 205 header 1;Cell row 205 header 2;Cell row 205 header 3
Cell row 206 header 1;Cell row 206 header 2;Cell row 206 header 3
Cell row 207 header 1;Cell row 207 header 2;Cell row 207 header 3
Cell row 208 header 1;Cell row 208 header 2;Cell row 208 header 3
Cell row 209 header 1;Cell row 209 header 2;Cell row 209 header 3
Cell row 210 header 1;Cell row 210 header 2;Cell row 210 header 3
Cell row 211 header 1;Cell row 211 header 2;Cell row 211 header 3
Cell row 212 header 1;Cell row 212 header 2;Cell row 212 header 3
Cell row 213 header 1;Cell row 213 header 2;Cell row 213 header 3
Cell row 214 header 1;Cell row 214 header 2;Cell row 214 header 3
Cell row 215 header 1;Cell row 215 header 2;Cell row 215 header 3
Cell row 216 header 1;Cell row 216 header 2;Cell row 216 header 3
Cell row 217 header 1;Cell row 217 header 2;Cell row 217 header 3
Cell row 218 header 1;Cell row 218 header 2;Cell row 218 header 3
Cell row 219 header 1;Cell row 219 header 2;Cell row 219 header 3
Cell row 220 header 1;Cell row 220 header 2;Cell row 220 header 3
Cell row 221 header 1;Cell row 221 header 2;Cell row 221 header 3
Cell row 222 header 1;Cell row 222 header 2;Cell row 222 header 3
Cell row 223 header 1;Cell row 223 header 2;Cell row 223 header 3
Cell row 224 header 1;Cell row 224 header 2;Cell row 224 header 3
Cell row 225 header 1;Cell row 225 header 2;Cell row 225 header 3
Cell row 226 header 1;Cell row 226 header 2;Cell row 226 header 3
Cell row 227 header 1;Cell row 227 header 2;Cell row 227 header 3
Cell row 228 header 1;Cell row 228 header 2;Cell row 228 header 3
Cell row 229 header 1;Cell row 229 header 2;Cell row 229 header 3
Cell row 230 header 1;Cell row 230 header 2;Cell row 230 header 3
Cell row 231 header 1;Cell row 231 header 2;Cell row 231 header 3
Cell row 232 header 1;Cell row 232 header 2;Cell row 232 header 3
Cell row 233 header 1;Cell row 233 header 2;Cell row 233 header 3
Cell row 234 header 1;Cell row 234 header 2;Cell row 234 header 3
Cell row 235 header 1;Cell row 235 header 2;Cell row 235 header 3
Cell row 236 header 1;Cell row 236 header 2;Cell row 236 header 3
Cell row 237 header 1;Cell row 237 header 2;Cell row 237 header 3
Cell row 238 header 1;Cell row 238 header 2;Cell row 238 header 3
Cell row 239 header 1;Cell row 239 header 2;Cell row 239 header 3
Cell row 240 header 1;Cell row 240 header 2;Cell row 240 header 3
Cell row 241 header 1;Cell row 241 header 2;Cell row 241 header 3
Cell row 242 header 1;Cell row 242 header 2;Cell row 242 header 3
Cell row 243 header 1;Cell row 243 header 2;Cell row 243 header 3
Cell row 244 header 1;Cell row 244 header 2;Cell row 244 header 3
Cell row 245 header 1;Cell row 245 header 2;Cell row 245 header 3
Cell row 246 header 1;Cell row 246 header 2;Cell row 246 header 3
Cell row 247 header 1;Cell row 247 header 2;Cell row 247 header 3
Cell row 248 header 1;Cell row 248 header 2;Cell row 248 header 3
Cell row 249 header 1;Cell row 249 header 2;Cell row 249 header 3
Cell row 250 header 1;Cell row 250 header 2;Cell row 250 header 3
Cell row 251 header 1;Cell row 251 header 2;Cell row 251 header 3
Cell row 252 header 1;Cell row 252 header 2;Cell row 252 header 3
Cell row 253 header 1;Cell row 253 header 2;Cell row 253 header 3
Cell row 254 header 1;Cell row 254 header 2;Cell row 254 header 3
Cell row 255 header 1;Cell row 255 header 2;Cell row 255 header 3
Cell row 256 header 1;Cell row 256 header 2;Cell row 256 header 3
Cell row 257 header 1;Cell row 257 header 2;Cell row 257 header 3
Cell row 258 header 1;Cell row 258 header 2;Cell row 258 header 3
Cell row 259 header 1;Cell row 259 header 2;Cell row 259 header 3
Cell row 260 header 1;Cell row 260 header 2;Cell row 260 header 3
Cell row 261 header 1;Cell row 261 header 2;Cell row 261 header 3
Cell row 262 header 1;Cell row 262 header 2;Cell row 262 header 3
Cell row 263 header 1;Cell row 263 header 2;Cell row 263 header 3
Cell row 264 header 1;Cell row 264 header 2;Cell row 264 header 3
Cell row 265 header 1;Cell row 265 header 2;Cell row 265 header 3
Cell row 266 header 1;Cell row 266 header 2;Cell row 266 header 3
Cell row 267 header 1;Cell row 267 header 2;Cell row 267 header 3
Cell row 268 header 1;Cell row 268 header 2;Cell row 268 header 3
Cell row 269 header 1;Cell row 269 header 2;Cell row 269 header 3
Cell row 270 header 1;Cell row 270 header 2;Cell row 270 header 3
Cell row 271 header 1;Cell row 271 header 2;Cell row 271 header 3
Cell row 272 header 1;Cell row 272 header 2;Cell row 272 header 3
Cell row 273 header 1;Cell row 273 header 2;Cell row 273 header 3
Cell row 274 header 1;Cell row 274 header 2;Cell row 274 header 3
Cell row 275 header 1;Cell row 275 header 2;Cell row 275 header 3
Cell row 276 header 1;Cell row 276 header 2;Cell row 276 header 3
Cell row 277 header 1;Cell row 277 header 2;Cell row 277 header 3
Cell row 278 header 1;Cell row 278 header 2;Cell row 278 header 3
Cell row 279 header 1;Cell row 279 header 2;Cell row 279 header 3
Cell row 280 header 1;Cell row 280 header 2;Cell row 280 header 3
Cell row 281 header 1;Cell row 281 header 2;Cell row 281 header 3
Cell row 282 header 1;Cell row 282 header 2;Cell row 282 header 3
Cell row 283 header 1;Cell row 283 header 2;Cell row 283 header 3
Cell row 284 header 1;Cell row 284 header 2;Cell row 284 header 3
Cell row 285 header 1;Cell row 285 header 2;Cell row 285 header 3
Cell row 286 header 1;Cell row 286 header 2;Cell row 286 header 3
Cell row 287 header 1;Cell row 287 header 2;Cell row 287 header 3
Cell row 288 header 1;Cell row 288 header 2;Cell row 288 header 3
Cell row 289 header 1;Cell row 289 header 2;Cell row 289 header 3
Cell row 290 header 1;Cell row 290 header 2;Cell row 290 header 3
Cell row 291 header 1;Cell row 291 header 2;Cell row 291 header 3
Cell row 292 header 1;Cell row 292 header 2;Cell row 292 header 3
Cell row 293 header 1;Cell row 293 header 2;Cell row 293 header 3
Cell row 294 header 1;Cell row 294 header 2;Cell row 294 header 3
Cell row 295 header 1;Cell row 295 header 2;Cell row 295 header 3
Cell row 296 header 1;Cell row 296 header 2;Cell row 296 header 3
Cell row 297 header 1;Cell row 297 header 2;Cell row 297 header 3
Cell row 298 header 1;Cell row 298 header 2;Cell row 298 header 3
Cell row 299 header 1;Cell row 299 header 2;Cell row 299 header 3
Cell row 300 header 1;Cell row 300 header 2;Cell row 300 header 3
Cell row 301 header 1;Cell row 301 header 2;Cell row 301 header 3
Cell row 302 header 1;Cell row 302 header 2;Cell row 302 header 3
Cell row 303 header 1;Cell row 303 header 2;Cell row 303 header 3
Cell row 304 header 1;Cell row 304 header 2;Cell row 304 header 3
Cell row 305 header 1;Cell row 305 header 2;Cell row 305 header 3
Cell row 306 header 1;Cell row 306 header 2;Cell row 306 header 3
Cell row 307 header 1;Cell row 307 header 2;Cell row 307 header 3
Cell row 308 header 1;Cell row 308 header 2;Cell row 308 header 3
Cell row 309 header 1;Cell row 309 header 2;Cell row 309 header 3
Cell row 310 header 1;Cell row 310 header 2;Cell row 310 header 3
Cell row 311 header 1;Cell row 311 header 2;Cell row 311 header 3
Cell row 312 header 1;Cell row 312 header 2;Cell row 312 header 3
Cell row 313 header 1;Cell row 313 header 2;Cell row 313 header 3
Cell row 314 header 1;Cell row 314 header 2;Cell row 314 header 3
Cell row 315 header 1;Cell row 315 header 2;Cell row 315 header 3
Cell row 316 header 1;Cell row 316 header 2;Cell row 316 header 3
Cell row 317 header 1;Cell row 317 header 2;Cell row 317 header 3
Cell row 318 header 1;Cell row 318 header 2;Cell row 318 header 3
Cell row 319 header 1;Cell row 319 header 2;Cell row 319 header 3
Cell row 320 header 1;Cell row 320 header 2;Cell row 320 header 3
Cell row 321 header 1;Cell row 321 header 2;Cell row 321 header 3
Cell row 322 header 1;Cell row 322 header 2;Cell row 322 header 3
Cell row 323 header 1;Cell row 323 header 2;Cell row 323 header 3
Cell row 324 header 1;Cell row 324 header 2;Cell row 324 header 3
Cell row 325 header 1;Cell row 325 header 2;Cell row 325 header 3
Cell row 326 header 1;Cell row 326 header 2;Cell row 326 header 3
Cell row 327 header 1;Cell row 327 header 2;Cell row 327 header 3
Cell row 328 header 1;Cell row 328 header 2;Cell row 328 header 3
Cell row 329 header 1;Cell row 329 header 2;Cell row 329 header 3
Cell row 330 header 1;Cell row 330 header 2;Cell row 330 header 3
Cell row 331 header 1;Cell row 331 header 2;Cell row 331 header 3
Cell row 332 header 1;Cell row 332 header 2;Cell row 332 header 3
Cell row 333 header 1;Cell row 333 header 2;Cell row 333 header 3
Cell row 334 header 1;Cell row 334 header 2;Cell row 334 header 3
Cell row 335 header 1;Cell row 335 header 2;Cell row 335 header 3
Cell row 336 header 1;Cell row 336 header 2;Cell row 336 header 3
Cell row 337 header 1;Cell row 337 header 2;Cell row 337 header 3
Cell row 338 header 1;Cell row 338 header 2;Cell row 338 header 3
Cell row 339 header 1;Cell row 339 header 2;Cell row 339 header 3
Cell row 340 header 1;Cell row 340 header 2;Cell row 340 header 3
Cell row 341 header 1;Cell row 341 header 2;Cell row 341 header 3
Cell row 342 header 1;Cell row 342 header 2;Cell row 342 header 3
Cell row 343 header 1;Cell row 343 header 2;Cell row 343 header 3
Cell row 344 header 1;Cell row 344 header 2;Cell row 344 header 3
Cell row 345 header 1;Cell row 345 header 2;Cell row 345 header 3
Cell row 346 header 1;Cell row 346 header 2;Cell row 346 header 3
Cell row 347 header 1;Cell row 347 header 2;Cell row 347 header 3
Cell row 348 header 1;Cell row 348 header 2;Cell row 348 header 3
Cell row 349 header 1;Cell row 349 header 2;Cell row 349 header 3
Cell row 350 header 1;Cell row 350 header 2;Cell row 350 header 3
Cell row 351 header 1;Cell row 351 header 2;Cell row 351 header 3
Cell row 352 header 1;Cell row 352 header 2;Cell row 352 header 3
Cell row 353 header 1;Cell row 353 header 2;Cell row 353 header 3
Cell row 354 header 1;Cell row 354 header 2;Cell row 354 header 3
Cell row 355 header 1;Cell row 355 header 2;Cell row 355 header 3
Cell row 356 header 1;Cell row 356 header 2;Cell row 356 header 3
Cell row 357 header 1;Cell row 357 header 2;Cell row 357 header 3
Cell row 358 header 1;Cell row 358 header 2;Cell row 358 header 3
Cell row 359 header 1;Cell row 359 header 2;Cell row 359 header 3
Cell row 360 header 1;Cell row 360 header 2;Cell row 360 header 3
Cell row 361 header 1;Cell row 361 header 2;Cell row 361 header 3
Cell row 362 header 1;Cell row 362 header 2;Cell row 362 header 3
Cell row 363 header 1;Cell row 363 header 2;Cell row 363 header 3
Cell row 364 header 1;Cell row 364 header 2;Cell row 364 header 3
Cell row 365 header 1;Cell row 365 header 2;Cell row 365 header 3
Cell row 366 header 1;Cell row 366 header 2;Cell row 366 header 3
Cell row 367 header 1;Cell row 367 header 2;Cell row 367 header 3
Cell row 368 header 1;Cell row 368 header 2;Cell row 368 header 3
Cell row 369 header 1;Cell row 369 header 2;Cell row 369 header 3
Cell row 370 header 1;Cell row 370 header 2;Cell row 370 header 3
Cell row 371 header 1;Cell row 371 header 2;Cell row 371 header 3
Cell row 372 header 1;Cell row 372 header 2;Cell row 372 header 3
Cell row 373 header 1;Cell row 373 header 2;Cell row 373 header 3
Cell row 374 header 1;Cell row 374 header 2;Cell row 374 header 3
Cell row 375 header 1;Cell row 375 header 2;Cell row 375 header 3
Cell row 376 header 1;Cell row 376 header 2;Cell row 376 header 3
Cell row 377 header 1;Cell row 377 header 2;Cell row 377 header 3
Cell row 378 header 1;Cell row 378 header 2;Cell row 378 header 3
Cell row 379 header 1;Cell row 379 header 2;Cell row 379 header 3
Cell row 380 header 1;Cell row 380 header 2;Cell row 380 header 3
Cell row 381 header 1;Cell row 381 header 2;Cell row 381 header 3
Cell row 382 header 1;Cell row 382 header 2;Cell row 382 header 3
Cell row 383 header 1;Cell row 383 header 2;Cell row 383 header 3
Cell row 384 header 1;Cell row 384 header 2;Cell row 384 header 3
Cell row 385 header 1;Cell row 385 header 2;Cell row 385 header 3
Cell row 386 header 1;Cell row 386 header 2;Cell row 386 header 3
Cell row 387 header 1;Cell row 387 header 2;Cell row 387 header 3
Cell row 388 header 1;Cell row 388 header 2;Cell row 388 header 3
Cell row 389 header 1;Cell row 389 header 2;Cell row 389 header 3
Cell row 390 header 1;Cell row 390 header 2;Cell row 390 header 3
Cell row 391 header 1;Cell row 391 header 2;Cell row 391 header 3
Cell row 392 header 1;Cell row 392 header 2;Cell row 392 header 3
Cell row 393 header 1;Cell row 393 header 2;Cell row 393 header 3
Cell row 394 header 1;Cell row 394 header 2;Cell row 394 header 3
Cell row 395 header 1;Cell row 395 header 2;Cell row 395 header 3
Cell row 396 header 1;Cell row 396 header 2;Cell row 396 header 3
Cell row 397 header 1;Cell row 397 header 2;Cell row 397 header 3
Cell row 398 header 1;Cell row 398 header 2;Cell row 398 header 3
Cell row 399 header 1;Cell row 399 header 2;Cell row 399 header 3
Cell row 400 header 1;Cell row 400 header 2;Cell row 400 header 3
Cell row 401 header 1;Cell row 401 header 2;Cell row 401 header 3
Cell row 402 header 1;Cell row 402 header 2;Cell row 402 header 3
Cell row 403 header 1;Cell row 403 header 2;Cell row 403 header 3
Cell row 404 header 1;Cell row 404 header 2;Cell row 404 header 3
Cell row 405 header 1;Cell row 405 header 2;Cell row 405 header 3
Cell row 406 header 1;Cell row 406 header 2;Cell row 406 header 3
Cell row 407 header 1;Cell row 407 header 2;Cell row 407 header 3
Cell row 408 header 1;Cell row 408 header 2;Cell row 408 header 3
Cell row 409 header 1;Cell row 409 header 2;Cell row 409 header 3
Cell row 410 header 1;Cell row 410 header 2;Cell row 410 header 3
Cell row 411 header 1;Cell row 411 header 2;Cell row 411 header 3
Cell row 412 header 1;Cell row 412 header 2;Cell row 412 header 3
Cell row 413 header 1;Cell row 413 header 2;Cell row 413 header 3
Cell row 414 header 1;Cell row 414 header 2;Cell row 414 header 3
Cell row 415 header 1;Cell row 415 header 2;Cell row 415 header 3
Cell row 416 header 1;Cell row 416 header 2;Cell row 416 header 3
Cell row 417 header 1;Cell row 417 header 2;Cell row 417 header 3
Cell row 418 header 1;Cell row 418 header 2;Cell row 418 header 3
Cell row 419 header 1;Cell row 419 header 2;Cell row 419 header 3
Cell row 420 header 1;Cell row 420 header 2;Cell row 420 header 3
Cell row 421 header 1;Cell row 421 header 2;Cell row 421 header 3
Cell row 422 header 1;Cell row 422 header 2;Cell row 422 header 3
Cell row 423 header 1;Cell row 423 header 2;Cell row 423 header 3
Cell row 424 header 1;Cell row 424 header 2;Cell row 424 header 3
Cell row 425 header 1;Cell row 425 header 2;Cell row 425 header 3
Cell row 426 header 1;Cell row 426 header 2;Cell row 426 header 3
Cell row 427 header 1;Cell row 427 header 2;Cell row 427 header 3
Cell row 428 header 1;Cell row 428 header 2;Cell row 428 header 3
Cell row 429 header 1;Cell row 429 header 2;Cell row 429 header 3
Cell row 430 header 1;Cell row 430 header 2;Cell row 430 header 3
Cell row 431 header 1;Cell row 431 header 2;Cell row 431 header 3
Cell row 432 header 1;Cell row 432 header 2;Cell row 432 header 3
Cell row 433 header 1;Cell row 433 header 2;Cell row 433 header 3
Cell row 434 header 1;Cell row 434 header 2;Cell row 434 header 3
Cell row 435 header 1;Cell row 435 header 2;Cell row 435 header 3
Cell row 436 header 1;Cell row 436 header 2;Cell row 436 header 3
Cell row 437 header 1;Cell row 437 header 2;Cell row 437 header 3
Cell row 438 header 1;Cell row 438 header 2;Cell row 438 header 3
Cell row 439 header 1;Cell row 439 header 2;Cell row 439 header 3
Cell row 440 header 1;Cell row 440 header 2;Cell row 440 header 3
Cell row 441 header 1;Cell row 441 header 2;Cell row 441 header 3
Cell row 442 header 1;Cell row 442 header 2;Cell row 442 header 3
Cell row 443 header 1;Cell row 443 header 2;Cell row 443 header 3
Cell row 444 header 1;Cell row 444 header 2;Cell row 444 header 3
Cell row 445 header 1;Cell row 445 header 2;Cell row 445 header 3
Cell row 446 header 1;Cell row 446 header 2;Cell row 446 header 3
Cell row 447 header 1;Cell row 447 header 2;Cell row 447 header 3
Cell row 448 header 1;Cell row 448 header 2;Cell row 448 header 3
Cell row 449 header 1;Cell row 449 header 2;Cell row 449 header 3
Cell row 450 header 1;Cell row 450 header 2;Cell row 450 header 3
Cell row 451 header 1;Cell row 451 header 2;Cell row 451 header 3
Cell row 452 header 1;Cell row 452 header 2;Cell row 452 header 3
Cell row 453 header 1;Cell row 453 header 2;Cell row 453 header 3
Cell row 454 header 1;Cell row 454 header 2;Cell row 454 header 3
Cell row 455 header 1;Cell row 455 header 2;Cell row 455 header 3
Cell row 456 header 1;Cell row 456 header 2;Cell row 456 header 3
Cell row 457 header 1;Cell row 457 header 2;Cell row 457 header 3
Cell row 458 header 1;Cell row 458 header 2;Cell row 458 header 3
Cell row 459 header 1;Cell row 459 header 2;Cell row 459 header 3
Cell row 460 header 1;Cell row 460 header 2;Cell row 460 header 3
Cell row 461 header 1;Cell row 461 header 2;Cell row 461 header 3
Cell row 462 header 1;Cell row 462 header 2;Cell row 462 header 3
Cell row 463 header 1;Cell row 463 header 2;Cell row 463 header 3
Cell row 464 header 1;Cell row 464 header 2;Cell row 464 header 3
Cell row 465 header 1;Cell row 465 header 2;Cell row 465 header 3
Cell row 466 header 1;Cell row 466 header 2;Cell row 466 header 3
Cell row 467 header 1;Cell row 467 header 2;Cell row 467 header 3
Cell row 468 header 1;Cell row 468 header 2;Cell row 468 header 3
Cell row 469 header 1;Cell row 469 header 2;Cell row 469 header 3
Cell row 470 header 1;Cell row 470 header 2;Cell row 470 header 3
Cell row 471 header 1;Cell row 471 header 2;Cell row 471 header 3
Cell row 472 header 1;Cell row 472 header 2;Cell row 472 header 3
Cell row 473 header 1;Cell row 473 header 2;Cell row 473 header 3
Cell row 474 header 1;Cell row 474 header 2;Cell row 474 header 3
Cell row 475 header 1;Cell row 475 header 2;Cell row 475 header 3
Cell row 476 header 1;Cell row 476 header 2;Cell row 476 header 3
Cell row 477 header 1;Cell row 477 header 2;Cell row 477 header 3
Cell row 478 header 1;Cell row 478 header 2;Cell row 478 header 3
Cell row 479 header 1;Cell row 479 header 2;Cell row 479 header 3
Cell row 480 header 1;Cell row 480 header 2;Cell row 480 header 3
Cell row 481 header 1;Cell row 481 header 2;Cell row 481 header 3
Cell row 482 header 1;Cell row 482 header 2;Cell row 482 header 3
Cell row 483 header 1;Cell row 483 header 2;Cell row 483 header 3
Cell row 484 header 1;Cell row 484 header 2;Cell row 484 header 3
Cell row 485 header 1;Cell row 485 header 2;Cell row 485 header 3
Cell row 486 header 1;Cell row 486 header 2;Cell row 486 header 3
Cell row 487 header 1;Cell row 487 header 2;Cell row 487 header 3
Cell row 488 header 1;Cell row 488 header 2;Cell row 488 header 3
Cell row 489 header 1;Cell row 489 header 2;Cell row 489 header 3
Cell row 490 header 1;Cell row 490 header 2;Cell row 490 header 3
Cell row 491 header 1;Cell row 491 header 2;Cell row 491 header 3
Cell row 492 header 1;Cell row 492 header 2;Cell row 492 header 3
Cell row 493 header 1;Cell row 493 header 2;Cell row 493 header 3
Cell row 494 header 1;Cell row 494 header 2;Cell row 494 header 3
Cell row 495 header 1;Cell row 495 header 2;Cell row 495 header 3
Cell row 496 header 1;Cell row 496 header 2;Cell row 496 header 3
Cell row 497 header 1;Cell row 497 header 2;Cell row 497 header 3
Cell row 498 header 1;Cell row 498 header 2;Cell row 498 header 3
Cell row 499 header 1;Cell row 499 header 2;Cell row 499 header 3
Cell row 500 header 1;Cell row 500 header 2;Cell row 500 header 3
Cell row 501 header 1;Cell row 501 header 2;Cell row 501 header 3
Cell row 502 header 1;Cell row 502 header 2;Cell row 502 header 3
Cell row 503 header 1;Cell row 503 header 2;Cell row 503 header 3
Cell row 504 header 1;Cell row 504 header 2;Cell row 504 header 3
Cell row 505 header 1;Cell row 505 header 2;Cell row 505 header 3
Cell row 506 header 1;Cell row 506 header 2;Cell row 506 header 3
Cell row 507 header 1;Cell row 507 header 2;Cell row 507 header 3
Cell row 508 header 1;Cell row 508 header 2;Cell row 508 header 3
Cell row 509 header 1;Cell row 509 header 2;Cell row 509 header 3
Cell row 510 header 1;Cell row 510 header 2;Cell row 510 header 3
Cell row 511 header 1;Cell row 511 header 2;Cell row 511 header 3
Cell row 512 header 1;Cell row 512 header 2;Cell row 512 header 3
Cell row 513 header 1;Cell row 513 header 2;Cell row 513 header 3
Cell row 514 header 1;Cell row 514 header 2;Cell row 514 header 3
Cell row 515 header 1;Cell row 515 header 2;Cell row 515 header 3
Cell row 516 header 1;Cell row 516 header 2;Cell row 516 header 3
Cell row 517 header 1;Cell row 517 header 2;Cell row 517 header 3
Cell row 518 header 1;Cell row 518 header 2;Cell row 518 header 3
Cell row 519 header 1;Cell row 519 header 2;Cell row 519 header 3
Cell row 520 header 1;Cell row 520 header 2;Cell row 520 header 3
Cell row 521 header 1;Cell row 521 header 2;Cell row 521 header 3
Cell row 522 header 1;Cell row 522 header 2;Cell row 522 header 3
Cell row 523 header 1;Cell row 523 header 2;Cell row 523 header 3
Cell row 524 header 1;Cell row 524 header 2;Cell row 524 header 3
Cell row 525 header 1;Cell row 525 header 2;Cell row 525 header 3
Cell row 526 header 1;Cell row 526 header 2;Cell row 526 header 3
Cell row 527 header 1;Cell row 527 header 2;Cell row 527 header 3
Cell row 528 header 1;Cell row 528 header 2;Cell row 528 header 3
Cell row 529 header 1;Cell row 529 header 2;Cell row 529 header 3
Cell row 530 header 1;Cell row 530 header 2;Cell row 530 header 3
Cell row 531 header 1;Cell row 531 header 2;Cell row 531 header 3
Cell row 532 header 1;Cell row 532 header 2;Cell row 532 header 3
Cell row 533 header 1;Cell row 533 header 2;Cell row 533 header 3
Cell row 534 header 1;Cell row 534 header 2;Cell row 534 header 3
Cell row 535 header 1;Cell row 535 header 2;Cell row 535 header 3
Cell row 536 header 1;Cell row 536 header 2;Cell row 536 header 3
Cell row 537 header 1;Cell row 537 header 2;Cell row 537 header 3
Cell row 538 header 1;Cell row 538 header 2;Cell row 538 header 3
Cell row 539 header 1;Cell row 539 header 2;Cell row 539 header 3
Cell row 540 header 1;Cell row 540 header 2;Cell row 540 header 3
Cell row 541 header 1;Cell row 541 header 2;Cell row 541 header 3
Cell row 542 header 1;Cell row 542 header 2;Cell row 542 header 3
Cell row 543 header 1;Cell row 543 header 2;Cell row 543 header 3
Cell row 544 header 1;Cell row 544 header 2;Cell row 544 header 3
Cell row 545 header 1;Cell row 545 header 2;Cell row 545 header 3
Cell row 546 header 1;Cell row 546 header 2;Cell row 546 header 3
Cell row 547 header 1;Cell row 547 header 2;Cell row 547 header 3
Cell row 548 header 1;Cell row 548 header 2;Cell row 548 header 3
Cell row 549 header 1;Cell row 549 header 2;Cell row 549 header 3
Cell row 550 header 1;Cell row 550 header 2;Cell row 550 header 3
Cell row 551 header 1;Cell row 551 header 2;Cell row 551 header 3
Cell row 552 header 1;Cell row 552 header 2;Cell row 552 header 3
Cell row 553 header 1;Cell row 553 header 2;Cell row 553 header 3
Cell row 554 header 1;Cell row 554 header 2;Cell row 554 header 3
Cell row 555 header 1;Cell row 555 header 2;Cell row 555 header 3
Cell row 556 header 1;Cell row 556 header 2;Cell row 556 header 3
Cell row 557 header 1;Cell row 557 header 2;Cell row 557 header 3
Cell row 558 header 1;Cell row 558 header 2;Cell row 558 header 3
Cell row 559 header 1;Cell row 559 header 2;Cell row 559 header 3
Cell row 560 header 1;Cell row 560 header 2;Cell row 560 header 3
Cell row 561 header 1;Cell row 561 header 2;Cell row 561 header 3
Cell row 562 header 1;Cell row 562 header 2;Cell row 562 header 3
Cell row 563 header 1;Cell row 563 header 2;Cell row 563 header 3
Cell row 564 header 1;Cell row 564 header 2;Cell row 564 header 3
Cell row 565 header 1;Cell row 565 header 2;Cell row 565 header 3
Cell row 566 header 1;Cell row 566 header 2;Cell row 566 header 3
Cell row 567 header 1;Cell row 567 header 2;Cell row 567 header 3
Cell row 568 header 1;Cell row 568 header 2;Cell row 568 header 3
Cell row 569 header 1;Cell row 569 header 2;Cell row 569 header 3
Cell row 570 header 1;Cell row 570 header 2;Cell row 570 header 3
Cell row 571 header 1;Cell row 571 header 2;Cell row 571 header 3
Cell row 572 header 1;Cell row 572 header 2;Cell row 572 header 3
Cell row 573 header 1;Cell row 573 header 2;Cell row 573 header 3
Cell row 574 header 1;Cell row 574 header 2;Cell row 574 header 3
Cell row 575 header 1;Cell row 575 header 2;Cell row 575 header 3
Cell row 576 header 1;Cell row 576 header 2;Cell row 576 header 3
Cell row 577 header 1;Cell row 577 header 2;Cell row 577 header 3
Cell row 578 header 1;Cell row 578 header 2;Cell row 578 header 3
Cell row 579 header 1;Cell row 579 header 2;Cell row 579 header 3
Cell row 580 header 1;Cell row 580 header 2;Cell row 580 header 3
Cell row 581 header 1;Cell row 581 header 2;Cell row 581 header 3
Cell row 582 header 1;Cell row 582 header 2;Cell row 582 header 3
Cell row 583 header 1;Cell row 583 header 2;Cell row 583 header 3
Cell row 584 header 1;Cell row 584 header 2;Cell row 584 header 3
Cell row 585 header 1;Cell row 585 header 2;Cell row 585 header 3
Cell row 586 header 1;Cell row 586 header 2;Cell row 586 header 3
Cell row 587 header 1;Cell row 587 header 2;Cell row 587 header 3
Cell row 588 header 1;Cell row 588 header 2;Cell row 588 header 3
Cell row 589 header 1;Cell row 589 header 2;Cell row 589 header 3
Cell row 590 header 1;Cell row 590 header 2;Cell row 590 header 3
Cell row 591 header 1;Cell row 591 header 2;Cell row 591 header 3
Cell row 592 header 1;Cell row 592 header 2;Cell row 592 header 3
Cell row 593 header 1;Cell row 593 header 2;Cell row 593 header 3
Cell row 594 header 1;Cell row 594 header 2;Cell row 594 header 3
Cell row 595 header 1;Cell row 595 header 2;Cell row 595 header 3
Cell row 596 header 1;Cell row 596 header 2;Cell row 596 header 3
Cell row 597 header 1;Cell row 597 header 2;Cell row 597 header 3
Cell row 598 header 1;Cell row 598 header 2;Cell row 598 header 3
Cell row 599 header 1;Cell row 599 header 2;Cell row 599 header 3
Cell row 600 header 1;Cell row 600 header 2;Cell row 600 header 3
Cell row 601 header 1;Cell row 601 header 2;Cell row 601 header 3
Cell row 602 header 1;Cell row 602 header 2;Cell row 602 header 3
Cell row 603 header 1;Cell row 603 header 2;Cell row 603 header 3
Cell row 604 header 1;Cell row 604 header 2;Cell row 604 header 3
Cell row 605 header 1;Cell row 605 header 2;Cell row 605 header 3
Cell row 606 header 1;Cell row 606 header 2;Cell row 606 header 3
Cell row 607 header 1;Cell row 607 header 2;Cell row 607 header 3
Cell row 608 header 1;Cell row 608 header 2;Cell row 608 header 3
Cell row 609 header 1;Cell row 609 header 2;Cell row 609 header 3
Cell row 610 header 1;Cell row 610 header 2;Cell row 610 header 3
Cell row 611 header 1;Cell row 611 header 2;Cell row 611 header 3
Cell row 612 header 1;Cell row 612 header 2;Cell row 612 header 3
Cell row 613 header 1;Cell row 613 header 2;Cell row 613 header 3
Cell row 614 header 1;Cell row 614 header 2;Cell row 614 header 3
Cell row 615 header 1;Cell row 615 header 2;Cell row 615 header 3
Cell row 616 header 1;Cell row 616 header 2;Cell row 616 header 3
Cell row 617 header 1;Cell row 617 header 2;Cell row 617 header 3
Cell row 618 header 1;Cell row 618 header 2;Cell row 618 header 3
Cell row 619 header 1;Cell row 619 header 2;Cell row 619 header 3
Cell row 620 header 1;Cell row 620 header 2;Cell row 620 header 3
Cell row 621 header 1;Cell row 621 header 2;Cell row 621 header 3
Cell row 622 header 1;Cell row 622 header 2;Cell row 622 header 3
Cell row 623 header 1;Cell row 623 header 2;Cell row 623 header 3
Cell row 624 header 1;Cell row 624 header 2;Cell row 624 header 3
Cell row 625 header 1;Cell row 625 header 2;Cell row 625 header 3
Cell row 626 header 1;Cell row 626 header 2;Cell row 626 header 3
Cell row 627 header 1;Cell row 627 header 2;Cell row 627 header 3
Cell row 628 header 1;Cell row 628 header 2;Cell row 628 header 3
Cell row 629 header 1;Cell row 629 header 2;Cell row 629 header 3
Cell row 630 header 1;Cell row 630 header 2;Cell row 630 header 3
Cell row 631 header 1;Cell row 631 header 2;Cell row 631 header 3
Cell row 632 header 1;Cell row 632 header 2;Cell row 632 header 3
Cell row 633 header 1;Cell row 633 header 2;Cell row 633 header 3
Cell row 634 header 1;Cell row 634 header 2;Cell row 634 header 3
Cell row 635 header 1;Cell row 635 header 2;Cell row 635 header 3
Cell row 636 header 1;Cell row 636 header 2;Cell row 636 header 3
Cell row 637 header 1;Cell row 637 header 2;Cell row 637 header 3
Cell row 638 header 1;Cell row 638 header 2;Cell row 638 header 3
Cell row 639 header 1;Cell row 639 header 2;Cell row 639 header 3
Cell row 640 header 1;Cell row 640 header 2;Cell row 640 header 3
Cell row 641 header 1;Cell row 641 header 2;Cell row 641 header 3
Cell row 642 header 1;Cell row 642 header 2;Cell row 642 header 3
Cell row 643 header 1;Cell row 643 header 2;Cell row 643 header 3
Cell row 644 header 1;Cell row 644 header 2;Cell row 644 header 3
Cell row 645 header 1;Cell row 645 header 2;Cell row 645 header 3
Cell row 646 header 1;Cell row 646 header 2;Cell row 646 header 3
Cell row 647 header 1;Cell row 647 header 2;Cell row 647 header 3
Cell row 648 header 1;Cell row 648 header 2;Cell row 648 header 3
Cell row 649 header 1;Cell row 649 header 2;Cell row 649 header 3
Cell row 650 header 1;Cell row 650 header 2;Cell row 650 header 3
Cell row 651 header 1;Cell row 651 header 2;Cell row 651 header 3
Cell row 652 header 1;Cell row 652 header 2;Cell row 652 header 3
Cell row 653 header 1;Cell row 653 header 2;Cell row 653 header 3
Cell row 654 header 1;Cell row 654 header 2;Cell row 654 header 3
Cell row 655 header 1;Cell row 655 header 2;Cell row 655 header 3
Cell row 656 header 1;Cell row 656 header 2;Cell row 656 header 3
Cell row 657 header 1;Cell row 657 header 2;Cell row 657 header 3
Cell row 658 header 1;Cell row 658 header 2;Cell row 658 header 3
Cell row 659 header 1;Cell row 659 header 2;Cell row 659 header 3
Cell row 660 header 1;Cell row 660 header 2;Cell row 660 header 3
Cell row 661 header 1;Cell row 661 header 2;Cell row 661 header 3
Cell row 662 header 1;Cell row 662 header 2;Cell row 662 header 3
Cell row 663 header 1;Cell row 663 header 2;Cell row 663 header 3
Cell row 664 header 1;Cell row 664 header 2;Cell row 664 header 3
Cell row 665 header 1;Cell row 665 header 2;Cell row 665 header 3
Cell row 666 header 1;Cell row 666 header 2;Cell row 666 header 3
Cell row 667 header 1;Cell row 667 header 2;Cell row 667 header 3
Cell row 668 header 1;Cell row 668 header 2;Cell row 668 header 3
Cell row 669 header 1;Cell row 669 header 2;Cell row 669 header 3
Cell row 670 header 1;Cell row 670 header 2;Cell row 670 header 3
Cell row 671 header 1;Cell row 671 header 2;Cell row 671 header 3
Cell row 672 header 1;Cell row 672 header 2;Cell row 672 header 3
Cell row 673 header 1;Cell row 673 header 2;Cell row 673 header 3
Cell row 674 header 1;Cell row 674 header 2;Cell row 674 header 3
Cell row 675 header 1;Cell row 675 header 2;Cell row 675 header 3
Cell row 676 header 1;Cell row 676 header 2;Cell row 676 header 3
Cell row 677 header 1;Cell row 677 header 2;Cell row 677 header 3
Cell row 678 header 1;Cell row 678 header 2;Cell row 678 header 3
Cell row 679 header 1;Cell row 679 header 2;Cell row 679 header 3
Cell row 680 header 1;Cell row 680 header 2;Cell row 680 header 3
Cell row 681 header 1;Cell row 681 header 2;Cell row 681 header 3
Cell row 682 header 1;Cell row 682 header 2;Cell row 682 header 3
Cell row 683 header 1;Cell row 683 header 2;Cell row 683 header 3
Cell row 684 header 1;Cell row 684 header 2;Cell row 684 header 3
Cell row 685 header 1;Cell row 685 header 2;Cell row 685 header 3
Cell row 686 header 1;Cell row 686 header 2;Cell row 686 header 3
Cell row 687 header 1;Cell row 687 header 2;Cell row 687 header 3
Cell row 688 header 1;Cell row 688 header 2;Cell row 688 header 3
Cell row 689 header 1;Cell row 689 header 2;Cell row 689 header 3
Cell row 690 header 1;Cell row 690 header 2;Cell row 690 header 3
Cell row 691 header 1;Cell row 691 header 2;Cell row 691 header 3
Cell row 692 header 1;Cell row 692 header 2;Cell row 692 header 3
Cell row 693 header 1;Cell row 693 header 2;Cell row 693 header 3
Cell row 694 header 1;Cell row 694 header 2;Cell row 694 header 3
Cell row 695 header 1;Cell row 695 header 2;Cell row 695 header 3
Cell row 696 header 1;Cell row 696 header 2;Cell row 696 header 3
Cell row 697 header 1;Cell row 697 header 2;Cell row 697 header 3
Cell row 698 header 1;Cell row 698 header 2;Cell row 698 header 3
Cell row 699 header 1;Cell row 699 header 2;Cell row 699 header 3
Cell row 700 header 1;Cell row 700 header 2;Cell row 700 header 3
Cell row 701 header 1;Cell row 701 header 2;Cell row 701 header 3
Cell row 702 header 1;Cell row 702 header 2;Cell row 702 header 3
Cell row 703 header 1;Cell row 703 header 2;Cell row 703 header 3
Cell row 704 header 1;Cell row 704 header 2;Cell row 704 header 3
Cell row 705 header 1;Cell row 705 header 2;Cell row 705 header 3
Cell row 706 header 1;Cell row 706 header 2;Cell row 706 header 3
Cell row 707 header 1;Cell row 707 header 2;Cell row 707 header 3
Cell row 708 header 1;Cell row 708 header 2;Cell row 708 header 3
Cell row 709 header 1;Cell row 709 header 2;Cell row 709 header 3
Cell row 710 header 1;Cell row 710 header 2;Cell row 710 header 3
Cell row 711 header 1;Cell row 711 header 2;Cell row 711 header 3
Cell row 712 header 1;Cell row 712 header 2;Cell row 712 header 3
Cell row 713 header 1;Cell row 713 header 2;Cell row 713 header 3
Cell row 714 header 1;Cell row 714 header 2;Cell row 714 header 3
Cell row 715 header 1;Cell row 715 header 2;Cell row 715 header 3
Cell row 716 header 1;Cell row 716 header 2;Cell row 716 header 3
Cell row 717 header 1;Cell row 717 header 2;Cell row 717 header 3
Cell row 718 header 1;Cell row 718 header 2;Cell row 718 header 3
Cell row 719 header 1;Cell row 719 header 2;Cell row 719 header 3
Cell row 720 header 1;Cell row 720 header 2;Cell row 720 header 3
Cell row 721 header 1;Cell row 721 header 2;Cell row 721 header 3
Cell row 722 header 1;Cell row 722 header 2;Cell row 722 header 3
Cell row 723 header 1;Cell row 723 header 2;Cell row 723 header 3
Cell row 724 header 1;Cell row 724 header 2;Cell row 724 header 3
Cell row 725 header 1;Cell row 725 header 2;Cell row 725 header 3
Cell row 726 header 1;Cell row 726 header 2;Cell row 726 header 3
Cell row 727 header 1;Cell row 727 header 2;Cell row 727 header 3
Cell row 728 header 1;Cell row 728 header 2;Cell row 728 header 3
Cell row 729 header 1;Cell row 729 header 2;Cell row 729 header 3
Cell row 730 header 1;Cell row 730 header 2;Cell row 730 header 3
Cell row 731 header 1;Cell row 731 header 2;Cell row 731 header 3
Cell row 732 header 1;Cell row 732 header 2;Cell row 732 header 3
Cell row 733 header 1;Cell row 733 header 2;Cell row 733 header 3
Cell row 734 header 1;Cell row 734 header 2;Cell row 734 header 3
Cell row 735 header 1;Cell row 735 header 2;Cell row 735 header 3
Cell row 736 header 1;Cell row 736 header 2;Cell row 736 header 3
Cell row 737 header 1;Cell row 737 header 2;Cell row 737 header 3
Cell row 738 header 1;Cell row 738 header 2;Cell row 738 header 3
Cell row 739 header 1;Cell row 739 header 2;Cell row 739 header 3
Cell row 740 header 1;Cell row 740 header 2;Cell row 740 header 3
Cell row 741 header 1;Cell row 741 header 2;Cell row 741 header 3
Cell row 742 header 1;Cell row 742 header 2;Cell row 742 header 3
Cell row 743 header 1;Cell row 743 header 2;Cell row 743 header 3
Cell row 744 header 1;Cell row 744 header 2;Cell row 744 header 3
Cell row 745 header 1;Cell row 745 header 2;Cell row 745 header 3
Cell row 746 header 1;Cell row 746 header 2;Cell row 746 header 3
Cell row 747 header 1;Cell row 747 header 2;Cell row 747 header 3
Cell row 748 header 1;Cell row 748 header 2;Cell row 748 header 3
Cell row 749 header 1;Cell row 749 header 2;Cell row 749 header 3
Cell row 750 header 1;Cell row 750 header 2;Cell row 750 header 3
Cell row 751 header 1;Cell row 751 header 2;Cell row 751 header 3
Cell row 752 header 1;Cell row 752 header 2;Cell row 752 header 3
Cell row 753 header 1;Cell row 753 header 2;Cell row 753 header 3
Cell row 754 header 1;Cell row 754 header 2;Cell row 754 header 3
Cell row 755 header 1;Cell row 755 header 2;Cell row 755 header 3
Cell row 756 header 1;Cell row 756 header 2;Cell row 756 header 3
Cell row 757 header 1;Cell row 757 header 2;Cell row 757 header 3
Cell row 758 header 1;Cell row 758 header 2;Cell row 758 header 3
Cell row 759 header 1;Cell row 759 header 2;Cell row 759 header 3
Cell row 760 header 1;Cell row 760 header 2;Cell row 760 header 3
Cell row 761 header 1;Cell row 761 header 2;Cell row 761 header 3
Cell row 762 header 1;Cell row 762 header 2;Cell row 762 header 3
Cell row 763 header 1;Cell row 763 header 2;Cell row 763 header 3
Cell row 764 header 1;Cell row 764 header 2;Cell row 764 header 3
Cell row 765 header 1;Cell row 765 header 2;Cell row 765 header 3
Cell row 766 header 1;Cell row 766 header 2;Cell row 766 header 3
Cell row 767 header 1;Cell row 767 header 2;Cell row 767 header 3
Cell row 768 header 1;Cell row 768 header 2;Cell row 768 header 3
Cell row 769 header 1;Cell row 769 header 2;Cell row 769 header 3
Cell row 770 header 1;Cell row 770 header 2;Cell row 770 header 3
Cell row 771 header 1;Cell row 771 header 2;Cell row 771 header 3
Cell row 772 header 1;Cell row 772 header 2;Cell row 772 header 3
Cell row 773 header 1;Cell row 773 header 2;Cell row 773 header 3
Cell row 774 header 1;Cell row 774 header 2;Cell row 774 header 3
Cell row 775 header 1;Cell row 775 header 2;Cell row 775 header 3
Cell row 776 header 1;Cell row 776 header 2;Cell row 776 header 3
Cell row 777 header 1;Cell row 777 header 2;Cell row 777 header 3
Cell row 778 header 1;Cell row 778 header 2;Cell row 778 header 3
Cell row 779 header 1;Cell row 779 header 2;Cell row 779 header 3
Cell row 780 header 1;Cell row 780 header 2;Cell row 780 header 3
Cell row 781 header 1;Cell row 781 header 2;Cell row 781 header 3
Cell row 782 header 1;Cell row 782 header 2;Cell row 782 header 3
Cell row 783 header 1;Cell row 783 header 2;Cell row 783 header 3
Cell row 784 header 1;Cell row 784 header 2;Cell row 784 header 3
Cell row 785 header 1;Cell row 785 header 2;Cell row 785 header 3
Cell row 786 header 1;Cell row 786 header 2;Cell row 786 header 3
Cell row 787 header 1;Cell row 787 header 2;Cell row 787 header 3
Cell row 788 header 1;Cell row 788 header 2;Cell row 788 header 3
Cell row 789 header 1;Cell row 789 header 2;Cell row 789 header 3
Cell row 790 header 1;Cell row 790 header 2;Cell row 790 header 3
Cell row 791 header 1;Cell row 791 header 2;Cell row 791 header 3
Cell row 792 header 1;Cell row 792 header 2;Cell row 792 header 3
Cell row 793 header 1;Cell row 793 header 2;Cell row 793 header 3
Cell row 794 header 1;Cell row 794 header 2;Cell row 794 header 3
Cell row 795 header 1;Cell row 795 header 2;Cell row 795 header 3
Cell row 796 header 1;Cell row 796 header 2;Cell row 796 header 3
Cell row 797 header 1;Cell row 797 header 2;Cell row 797 header 3
Cell row 798 header 1;Cell row 798 header 2;Cell row 798 header 3
Cell row 799 header 1;Cell row 799 header 2;Cell row 799 header 3
Cell row 800 header 1;Cell row 800 header 2;Cell row 800 header 3
Cell row 801 header 1;Cell row 801 header 2;Cell row 801 header 3
Cell row 802 header 1;Cell row 802 header 2;Cell row 802 header 3
Cell row 803 header 1;Cell row 803 header 2;Cell row 803 header 3
Cell row 804 header 1;Cell row 804 header 2;Cell row 804 header 3
Cell row 805 header 1;Cell row 805 header 2;Cell row 805 header 3
Cell row 806 header 1;Cell row 806 header 2;Cell row 806 header 3
Cell row 807 header 1;Cell row 807 header 2;Cell row 807 header 3
Cell row 808 header 1;Cell row 808 header 2;Cell row 808 header 3
Cell row 809 header 1;Cell row 809 header 2;Cell row 809 header 3
Cell row 810 header 1;Cell row 810 header 2;Cell row 810 header 3
Cell row 811 header 1;Cell row 811 header 2;Cell row 811 header 3
Cell row 812 header 1;Cell row 812 header 2;Cell row 812 header 3
Cell row 813 header 1;Cell row 813 header 2;Cell row 813 header 3
Cell row 814 header 1;Cell row 814 header 2;Cell row 814 header 3
Cell row 815 header 1;Cell row 815 header 2;Cell row 815 header 3
Cell row 816 header 1;Cell row 816 header 2;Cell row 816 header 3
Cell row 817 header 1;Cell row 817 header 2;Cell row 817 header 3
Cell row 818 header 1;Cell row 818 header 2;Cell row 818 header 3
Cell row 819 header 1;Cell row 819 header 2;Cell row 819 header 3
Cell row 820 header 1;Cell row 820 header 2;Cell row 820 header 3
Cell row 821 header 1;Cell row 821 header 2;Cell row 821 header 3
Cell row 822 header 1;Cell row 822 header 2;Cell row 822 header 3
Cell row 823 header 1;Cell row 823 header 2;Cell row 823 header 3
Cell row 824 header 1;Cell row 824 header 2;Cell row 824 header 3
Cell row 825 header 1;Cell row 825 header 2;Cell row 825 header 3
Cell row 826 header 1;Cell row 826 header 2;Cell row 826 header 3
Cell row 827 header 1;Cell row 827 header 2;Cell row 827 header 3
Cell row 828 header 1;Cell row 828 header 2;Cell row 828 header 3
Cell row 829 header 1;Cell row 829 header 2;Cell row 829 header 3
Cell row 830 header 1;Cell row 830 header 2;Cell row 830 header 3
Cell row 831 header 1;Cell row 831 header 2;Cell row 831 header 3
Cell row 832 header 1;Cell row 832 header 2;Cell row 832 header 3
Cell row 833 header 1;Cell row 833 header 2;Cell row 833 header 3
Cell row 834 header 1;Cell row 834 header 2;Cell row 834 header 3
Cell row 835 header 1;Cell row 835 header 2;Cell row 835 header 3
Cell row 836 header 1;Cell row 836 header 2;Cell row 836 header 3
Cell row 837 header 1;Cell row 837 header 2;Cell row 837 header 3
Cell row 838 header 1;Cell row 838 header 2;Cell row 838 header 3
Cell row 839 header 1;Cell row 839 header 2;Cell row 839 header 3
Cell row 840 header 1;Cell row 840 header 2;Cell row 840 header 3
Cell row 841 header 1;Cell row 841 header 2;Cell row 841 header 3
Cell row 842 header 1;Cell row 842 header 2;Cell row 842 header 3
Cell row 843 header 1;Cell row 843 header 2;Cell row 843 header 3
Cell row 844 header 1;Cell row 844 header 2;Cell row 844 header 3
Cell row 845 header 1;Cell row 845 header 2;Cell row 845 header 3
Cell row 846 header 1;Cell row 846 header 2;Cell row 846 header 3
Cell row 847 header 1;Cell row 847 header 2;Cell row 847 header 3
Cell row 848 header 1;Cell row 848 header 2;Cell row 848 header 3
Cell row 849 header 1;Cell row 849 header 2;Cell row 849 header 3
Cell row 850 header 1;Cell row 850 header 2;Cell row 850 header 3
Cell row 851 header 1;Cell row 851 header 2;Cell row 851 header 3
Cell row 852 header 1;Cell row 852 header 2;Cell row 852 header 3
Cell row 853 header 1;Cell row 853 header 2;Cell row 853 header 3
Cell row 854 header 1;Cell row 854 header 2;Cell row 854 header 3
Cell row 855 header 1;Cell row 855 header 2;Cell row 855 header 3
Cell row 856 header 1;Cell row 856 header 2;Cell row 856 header 3
Cell row 857 header 1;Cell row 857 header 2;Cell row 857 header 3
Cell row 858 header 1;Cell row 858 header 2;Cell row 858 header 3
Cell row 859 header 1;Cell row 859 header 2;Cell row 859 header 3
Cell row 860 header 1;Cell row 860 header 2;Cell row 860 header 3
Cell row 861 header 1;Cell row 861 header 2;Cell row 861 header 3
Cell row 862 header 1;Cell row 862 header 2;Cell row 862 header 3
Cell row 863 header 1;Cell row 863 header 2;Cell row 863 header 3
Cell row 864 header 1;Cell row 864 header 2;Cell row 864 header 3
Cell row 865 header 1;Cell row 865 header 2;Cell row 865 header 3
Cell row 866 header 1;Cell row 866 header 2;Cell row 866 header 3
Cell row 867 header 1;Cell row 867 header 2;Cell row 867 header 3
Cell row 868 header 1;Cell row 868 header 2;Cell row 868 header 3
Cell row 869 header 1;Cell row 869 header 2;Cell row 869 header 3
Cell row 870 header 1;Cell row 870 header 2;Cell row 870 header 3
Cell row 871 header 1;Cell row 871 header 2;Cell row 871 header 3
Cell row 872 header 1;Cell row 872 header 2;Cell row 872 header 3
Cell row 873 header 1;Cell row 873 header 2;Cell row 873 header 3
Cell row 874 header 1;Cell row 874 header 2;Cell row 874 header 3
Cell row 875 header 1;Cell row 875 header 2;Cell row 875 header 3
Cell row 876 header 1;Cell row 876 header 2;Cell row 876 header 3
Cell row 877 header 1;Cell row 877 header 2;Cell row 877 header 3
Cell row 878 header 1;Cell row 878 header 2;Cell row 878 header 3
Cell row 879 header 1;Cell row 879 header 2;Cell row 879 header 3
Cell row 880 header 1;Cell row 880 header 2;Cell row 880 header 3
Cell row 881 header 1;Cell row 881 header 2;Cell row 881 header 3
Cell row 882 header 1;Cell row 882 header 2;Cell row 882 header 3
Cell row 883 header 1;Cell row 883 header 2;Cell row 883 header 3
Cell row 884 header 1;Cell row 884 header 2;Cell row 884 header 3
Cell row 885 header 1;Cell row 885 header 2;Cell row 885 header 3
Cell row 886 header 1;Cell row 886 header 2;Cell row 886 header 3
Cell row 887 header 1;Cell row 887 header 2;Cell row 887 header 3
Cell row 888 header 1;Cell row 888 header 2;Cell row 888 header 3
Cell row 889 header 1;Cell row 889 header 2;Cell row 889 header 3
Cell row 890 header 1;Cell row 890 header 2;Cell row 890 header 3
Cell row 891 header 1;Cell row 891 header 2;Cell row 891 header 3
Cell row 892 header 1;Cell row 892 header 2;Cell row 892 header 3
Cell row 893 header 1;Cell row 893 header 2;Cell row 893 header 3
Cell row 894 header 1;Cell row 894 header 2;Cell row 894 header 3
Cell row 895 header 1;Cell row 895 header 2;Cell row 895 header 3
Cell row 896 header 1;Cell row 896 header 2;Cell row 896 header 3
Cell row 897 header 1;Cell row 897 header 2;Cell row 897 header 3
Cell row 898 header 1;Cell row 898 header 2;Cell row 898 header 3
Cell row 899 header 1;Cell row 899 header 2;Cell row 899 header 3
Cell row 900 header 1;Cell row 900 header 2;Cell row 900 header 3
Cell row 901 header 1;Cell row 901 header 2;Cell row 901 header 3
Cell row 902 header 1;Cell row 902 header 2;Cell row 902 header 3
Cell row 903 header 1;Cell row 903 header 2;Cell row 903 header 3
Cell row 904 header 1;Cell row 904 header 2;Cell row 904 header 3
Cell row 905 header 1;Cell row 905 header 2;Cell row 905 header 3
Cell row 906 header 1;Cell row 906 header 2;Cell row 906 header 3
Cell row 907 header 1;Cell row 907 header 2;Cell row 907 header 3
Cell row 908 header 1;Cell row 908 header 2;Cell row 908 header 3
Cell row 909 header 1;Cell row 909 header 2;Cell row 909 header 3
Cell row 910 header 1;Cell row 910 header 2;Cell row 910 header 3
Cell row 911 header 1;Cell row 911 header 2;Cell row 911 header 3
Cell row 912 header 1;Cell row 912 header 2;Cell row 912 header 3
Cell row 913 header 1;Cell row 913 header 2;Cell row 913 header 3
Cell row 914 header 1;Cell row 914 header 2;Cell row 914 header 3
Cell row 915 header 1;Cell row 915 header 2;Cell row 915 header 3
Cell row 916 header 1;Cell row 916 header 2;Cell row 916 header 3
Cell row 917 header 1;Cell row 917 header 2;Cell row 917 header 3
Cell row 918 header 1;Cell row 918 header 2;Cell row 918 header 3
Cell row 919 header 1;Cell row 919 header 2;Cell row 919 header 3
Cell row 920 header 1;Cell row 920 header 2;Cell row 920 header 3
Cell row 921 header 1;Cell row 921 header 2;Cell row 921 header 3
Cell row 922 header 1;Cell row 922 header 2;Cell row 922 header 3
Cell row 923 header 1;Cell row 923 header 2;Cell row 923 header 3
Cell row 924 header 1;Cell row 924 header 2;Cell row 924 header 3
Cell row 925 header 1;Cell row 925 header 2;Cell row 925 header 3
Cell row 926 header 1;Cell row 926 header 2;Cell row 926 header 3
Cell row 927 header 1;Cell row 927 header 2;Cell row 927 header 3
Cell row 928 header 1;Cell row 928 header 2;Cell row 928 header 3
Cell row 929 header 1;Cell row 929 header 2;Cell row 929 header 3
Cell row 930 header 1;Cell row 930 header 2;Cell row 930 header 3
Cell row 931 header 1;Cell row 931 header 2;Cell row 931 header 3
Cell row 932 header 1;Cell row 932 header 2;Cell row 932 header 3
Cell row 933 header 1;Cell row 933 header 2;Cell row 933 header 3
Cell row 934 header 1;Cell row 934 header 2;Cell row 934 header 3
Cell row 935 header 1;Cell row 935 header 2;Cell row 935 header 3
Cell row 936 header 1;Cell row 936 header 2;Cell row 936 header 3
Cell row 937 header 1;Cell row 937 header 2;Cell row 937 header 3
Cell row 938 header 1;Cell row 938 header 2;Cell row 938 header 3
Cell row 939 header 1;Cell row 939 header 2;Cell row 939 header 3
Cell row 940 header 1;Cell row 940 header 2;Cell row 940 header 3
Cell row 941 header 1;Cell row 941 header 2;Cell row 941 header 3
Cell row 942 header 1;Cell row 942 header 2;Cell row 942 header 3
Cell row 943 header 1;Cell row 943 header 2;Cell row 943 header 3
Cell row 944 header 1;Cell row 944 header 2;Cell row 944 header 3
Cell row 945 header 1;Cell row 945 header 2;Cell row 945 header 3
Cell row 946 header 1;Cell row 946 header 2;Cell row 946 header 3
Cell row 947 header 1;Cell row 947 header 2;Cell row 947 header 3
Cell row 948 header 1;Cell row 948 header 2;Cell row 948 header 3
Cell row 949 header 1;Cell row 949 header 2;Cell row 949 header 3
Cell row 950 header 1;Cell row 950 header 2;Cell row 950 header 3
Cell row 951 header 1;Cell row 951 header 2;Cell row 951 header 3
Cell row 952 header 1;Cell row 952 header 2;Cell row 952 header 3
Cell row 953 header 1;Cell row 953 header 2;Cell row 953 header 3
Cell row 954 header 1;Cell row 954 header 2;Cell row 954 header 3
Cell row 955 header 1;Cell row 955 header 2;Cell row 955 header 3
Cell row 956 header 1;Cell row 956 header 2;Cell row 956 header 3
Cell row 957 header 1;Cell row 957 header 2;Cell row 957 header 3
Cell row 958 header 1;Cell row 958 header 2;Cell row 958 header 3
Cell row 959 header 1;Cell row 959 header 2;Cell row 959 header 3
Cell row 960 header 1;Cell row 960 header 2;Cell row 960 header 3
Cell row 961 header 1;Cell row 961 header 2;Cell row 961 header 3
Cell row 962 header 1;Cell row 962 header 2;Cell row 962 header 3
Cell row 963 header 1;Cell row 963 header 2;Cell row 963 header 3
Cell row 964 header 1;Cell row 964 header 2;Cell row 964 header 3
Cell row 965 header 1;Cell row 965 header 2;Cell row 965 header 3
Cell row 966 header 1;Cell row 966 header 2;Cell row 966 header 3
Cell row 967 header 1;Cell row 967 header 2;Cell row 967 header 3
Cell row 968 header 1;Cell row 968 header 2;Cell row 968 header 3
Cell row 969 header 1;Cell row 969 header 2;Cell row 969 header 3
Cell row 970 header 1;Cell row 970 header 2;Cell row 970 header 3
Cell row 971 header 1;Cell row 971 header 2;Cell row 971 header 3
Cell row 972 header 1;Cell row 972 header 2;Cell row 972 header 3
Cell row 973 header 1;Cell row 973 header 2;Cell row 973 header 3
Cell row 974 header 1;Cell row 974 header 2;Cell row 974 header 3
Cell row 975 header 1;Cell row 975 header 2;Cell row 975 header 3
Cell row 976 header 1;Cell row 976 header 2;Cell row 976 header 3
Cell row 977 header 1;Cell row 977 header 2;Cell row 977 header 3
Cell row 978 header 1;Cell row 978 header 2;Cell row 978 header 3
Cell row 979 header 1;Cell row 979 header 2;Cell row 979 header 3
Cell row 980 header 1;Cell row 980 header 2;Cell row 980 header 3
Cell row 981 header 1;Cell row 981 header 2;Cell row 981 header 3
Cell row 982 header 1;Cell row 982 header 2;Cell row 982 header 3
Cell row 983 header 1;Cell row 983 header 2;Cell row 983 header 3
Cell row 984 header 1;Cell row 984 header 2;Cell row 984 header 3
Cell row 985 header 1;Cell row 985 header 2;Cell row 985 header 3
Cell row 986 header 1;Cell row 986 header 2;Cell row 986 header 3
Cell row 987 header 1;Cell row 987 header 2;Cell row 987 header 3
Cell row 988 header 1;Cell row 988 header 2;Cell row 988 header 3
Cell row 989 header 1;Cell row 989 header 2;Cell row 989 header 3
Cell row 990 header 1;Cell row 990 header 2;Cell row 990 header 3
Cell row 991 header 1;Cell row 991 header 2;Cell row 991 header 3
Cell row 992 header 1;Cell row 992 header 2;Cell row 992 header 3
Cell row 993 header 1;Cell row 993 header 2;Cell row 993 header 3
Cell row 994 header 1;Cell row 994 header 2;Cell row 994 header 3
Cell row 995 header 1;Cell row 995 header 2;Cell row 995 header 3
Cell row 996 header 1;Cell row 996 header 2;Cell row 996 header 3
Cell row 997 header 1;Cell row 997 header 2;Cell row 997 header 3
Cell row 998 header 1;Cell row 998 header 2;Cell row 998 header 3
Cell row 999 header 1;Cell row 999 header 2;Cell row 999 header 3
Cell row 1000 header 1;Cell row 1000 header 2;Cell row 1000 header 3